Workbook

Sheet Cards
A1: ID | B1: Name | C1: Set Code | D1: Set Number | E1: Set Name | F1: Category | G1: Type Line | H1: Archetype | I1: Added | J1: Image | K1: Coded | L1: Tested | M1: Confirmed | N1: Ready For Omega | O1: Notes
A2: CARD-0001 | B2: STARDRAKE OF GRAVITIC COILS | C2: TATA | D2: 001 | E2: Tainted Tails | F2: Monster | G2: Machine / Effect / Xyz | H2: Stardrake | I2: 2025-01-17 | J2: /assets/cards/STARDRAKE-OF-GRAVITIC-COILS.jpg | K2: No | L2: No | M2: No | N2: =IF(AND($K2="Yes",$L2="Yes",$M2="Yes"),"Yes","No")
A3: CARD-0002 | B3: REACTOR SHOCKER | C3: TATA | D3: 002 | E3: Tainted Tails | F3: Spell | G3: Spell / Quick-Play | H3: Reactor | I3: 2025-01-17 | J3: /assets/cards/REACTOR-SHOCKER.jpg | K3: No | L3: No | M3: No | N3: =IF(AND($K3="Yes",$L3="Yes",$M3="Yes"),"Yes","No")
A4: CARD-0003 | B4: THE CONDESCENDER | C4: TATA | D4: 003 | E4: Tainted Tails | F4: Monster | G4: Fiend / Effect | H4: Condescender | I4: 2025-01-17 | J4: /assets/cards/THE-CONDESCENDER.jpg | K4: No | L4: No | M4: No | N4: =IF(AND($K4="Yes",$L4="Yes",$M4="Yes"),"Yes","No")
A5: CARD-0004 | B5: STAINED BIRD BRIA | C5: TATA | D5: 004 | E5: Tainted Tails | F5: Monster | G5: Winged Beast / Effect | H5: Stain | I5: 2025-01-17 | J5: /assets/cards/STAINED-BIRD-BRIA.jpg | K5: No | L5: No | M5: No | N5: =IF(AND($K5="Yes",$L5="Yes",$M5="Yes"),"Yes","No")
A6: CARD-0005 | B6: STAINED DEER DANTE | C6: TATA | D6: 005 | E6: Tainted Tails | F6: Monster | G6: Beast / Effect | H6: Stain | I6: 2025-01-17 | J6: /assets/cards/STAINED-DEER-DANTE.jpg | K6: No | L6: No | M6: No | N6: =IF(AND($K6="Yes",$L6="Yes",$M6="Yes"),"Yes","No")
A7: CARD-0006 | B7: STAINED FOX FENESS | C7: TATA | D7: 006 | E7: Tainted Tails | F7: Monster | G7: Aqua / Effect | H7: Stain | I7: 2025-01-17 | J7: /assets/cards/STAINED-FOX-FENESS.jpg | K7: No | L7: No | M7: No | N7: =IF(AND($K7="Yes",$L7="Yes",$M7="Yes"),"Yes","No")
A8: CARD-0007 | B8: STAINED RAPTOR ROLLO | C8: TATA | D8: 007 | E8: Tainted Tails | F8: Monster | G8: Reptile / Effect | H8: Stain | I8: 2025-01-17 | J8: /assets/cards/STAINED-RAPTOR-ROLLO.jpg | K8: No | L8: No | M8: No | N8: =IF(AND($K8="Yes",$L8="Yes",$M8="Yes"),"Yes","No")
A9: CARD-0008 | B9: STAINED SOLITAIRE | C9: TATA | D9: 008 | E9: Tainted Tails | F9: Monster | G9: Warrior / Effect | H9: Stain | I9: 2025-01-17 | J9: /assets/cards/STAINED-SOLITAIRE.jpg | K9: No | L9: No | M9: No | N9: =IF(AND($K9="Yes",$L9="Yes",$M9="Yes"),"Yes","No")
A10: CARD-0009 | B10: STARGAZER OF THE STAINED | C10: TATA | D10: 009 | E10: Tainted Tails | F10: Monster | G10: Warrior / Effect | H10: Stain | I10: 2025-01-17 | J10: /assets/cards/STARGAZER-OF-THE-STAINED.jpg | K10: No | L10: No | M10: No | N10: =IF(AND($K10="Yes",$L10="Yes",$M10="Yes"),"Yes","No")
A11: CARD-0010 | B11: STAINED SCIONESS SILIA | C11: TATA | D11: 010 | E11: Tainted Tails | F11: Monster | G11: Fairy / Effect | H11: Stain | I11: 2025-01-17 | J11: /assets/cards/STAINED-SCIONESS-SILIA.jpg | K11: No | L11: No | M11: No | N11: =IF(AND($K11="Yes",$L11="Yes",$M11="Yes"),"Yes","No")
A12: CARD-0011 | B12: STAINED SOVEREIGN SILAS | C12: TATA | D12: 011 | E12: Tainted Tails | F12: Monster | G12: Spellcaster / Effect | H12: Stain | I12: 2025-01-17 | J12: /assets/cards/STAINED-SOVEREIGN-SILAS.jpg | K12: No | L12: No | M12: No | N12: =IF(AND($K12="Yes",$L12="Yes",$M12="Yes"),"Yes","No")
A13: CARD-0012 | B13: STAINED SILHOUETTE | C13: TATA | D13: 012 | E13: Tainted Tails | F13: Monster | G13: Illusion / Effect | H13: Stain | I13: 2025-01-17 | J13: /assets/cards/STAINED-SILHOUETTE.jpg | K13: No | L13: No | M13: No | N13: =IF(AND($K13="Yes",$L13="Yes",$M13="Yes"),"Yes","No")
... A81: CARD-0080 | B81: Tove in the Wild | C81: TATA | D81: 080 | E81: Tainted Tails | F81: Monster | G81: Beast / Fusion / Effect | H81: Domestica | I81: 2025-01-17 | J81: /assets/cards/TOVE-IN-THE-WILD.jpg | K81: No | L81: No | M81: No | N81: =IF(AND($K81="Yes",$L81="Yes",$M81="Yes"),"Yes","No")
A82: CARD-0081 | B82: Remembrance of the Melody | C82: COOR | D82: 0001 | E82: Cosmic Origins | F82: Spell | G82: Spell / Quick-Play | I82: 2025-05-01 | J82: /assets/cards/REMEMBRANCE-OF-THE-MELODY.jpeg | K82: No | L82: No | M82: No | N82: =IF(AND($K82="Yes",$L82="Yes",$M82="Yes"),"Yes","No")
A83: CARD-0082 | B83: Chaos Fusion | C83: COOR | D83: 0002 | E83: Cosmic Origins | F83: Spell | G83: Spell / Quick-Play | H83: Chaos | I83: 2025-05-01 | J83: /assets/cards/CHAOS-FUSION.jpeg | K83: No | L83: No | M83: No | N83: =IF(AND($K83="Yes",$L83="Yes",$M83="Yes"),"Yes","No")
A84: CARD-0083 | B84: URSARCTIC MIKAILUS | C84: COOR | D84: 003 | E84: Cosmic Origins | F84: Monster | G84: Beast / Effect | H84: Ursarctic | I84: 2025-05-01 | J84: /assets/cards/URSARCTIC-MIKAILUS.jpg | K84: No | L84: No | M84: No | N84: =IF(AND($K84="Yes",$L84="Yes",$M84="Yes"),"Yes","No")
A85: CARD-0084 | B85: URSARCTIC MEGAILUS | C85: COOR | D85: 004 | E85: Cosmic Origins | F85: Monster | G85: Beast-Warrior / Effect | H85: Ursarctic | I85: 2025-05-01 | J85: /assets/cards/URSARCTIC-MEGAILUS.jpg | K85: No | L85: No | M85: No | N85: =IF(AND($K85="Yes",$L85="Yes",$M85="Yes"),"Yes","No")
A86: CARD-0085 | B86: URSARCTIC LEOSHIP | C86: COOR | D86: 005 | E86: Cosmic Origins | F86: Spell | G86: Spell / Continuous | H86: Ursarctic | I86: 2025-05-01 | J86: /assets/cards/URSARCTIC-LEOSHIP.jpg | K86: No | L86: No | M86: No | N86: =IF(AND($K86="Yes",$L86="Yes",$M86="Yes"),"Yes","No")
A87: CARD-0086 | B87: URSARCTIC OCTANTIS | C87: COOR | D87: 006 | E87: Cosmic Origins | F87: Monster | G87: Machine / Effect / Synchro | H87: Ursarctic | I87: 2025-05-01 | J87: /assets/cards/URSARCTIC-OCTANTIS.jpg | K87: No | L87: No | M87: No | N87: =IF(AND($K87="Yes",$L87="Yes",$M87="Yes"),"Yes","No")
A88: CARD-0087 | B88: URSARCTIC HEXTANIUS | C88: COOR | D88: 007 | E88: Cosmic Origins | F88: Monster | G88: Beast-Warrior / Effect / Synchro / Tuner | H88: Ursarctic | I88: 2025-05-01 | J88: /assets/cards/URSARCTIC-HEXTANIUS.jpg | K88: No | L88: No | M88: No | N88: =IF(AND($K88="Yes",$L88="Yes",$M88="Yes"),"Yes","No")
A89: CARD-0088 | B89: URSARCTIC NORDBAR | C89: COOR | D89: 008 | E89: Cosmic Origins | F89: Monster | G89: Beast-Warrior / Effect / Synchro | H89: Ursarctic | I89: 2025-05-01 | J89: /assets/cards/URSARCTIC-NORDBAR.jpg | K89: No | L89: No | M89: No | N89: =IF(AND($K89="Yes",$L89="Yes",$M89="Yes"),"Yes","No")
A90: CARD-0089 | B90: Carina of the Eldoran System | C90: COOR | D90: 009 | E90: Cosmic Origins | F90: Monster | G90: Warrior / Normal | H90: Galactica | I90: 2025-05-01 | J90: /assets/cards/Carina-of-the-eldoran-system.jpeg | K90: No | L90: No | M90: No | N90: =IF(AND($K90="Yes",$L90="Yes",$M90="Yes"),"Yes","No")
A91: CARD-0090 | B91: Branching to Guidance | C91: COOR | D91: 0010 | E91: Cosmic Origins | F91: Spell | G91: Spell / Normal | I91: 2025-05-01 | J91: /assets/cards/BRANCHING-TO-GUIDANCE.jpeg | K91: No | L91: No | M91: No | N91: =IF(AND($K91="Yes",$L91="Yes",$M91="Yes"),"Yes","No")
A92: CARD-0092 | B92: Rigel the Thousand-Armed | C92: COOR | D92: 0012 | E92: Cosmic Origins | F92: Monster | G92: Cyberse / Effect / Link | I92: 2025-05-01 | J92: /assets/cards/RIGEL-THE-THOUSAND-ARMED.jpeg | K92: No | L92: No | M92: No | N92: =IF(AND($K92="Yes",$L92="Yes",$M92="Yes"),"Yes","No")
A93: CARD-0093 | B93: Prophecy of Infernos | C93: COOR | D93: 0013 | E93: Cosmic Origins | F93: Monster | G93: Spellcaster / Effect | H93: Prophecy | I93: 2025-05-01 | J93: /assets/cards/PROPHECY-OF-INFERNOS.jpeg | K93: No | L93: No | M93: No | N93: =IF(AND($K93="Yes",$L93="Yes",$M93="Yes"),"Yes","No")
A94: CARD-0094 | B94: Prophecy of Waterfalls | C94: COOR | D94: 0014 | E94: Cosmic Origins | F94: Monster | G94: Spellcaster / Effect | H94: Prophecy | I94: 2025-05-01 | J94: /assets/cards/PROPHECY-OF-WATERFALLS.jpeg | K94: No | L94: No | M94: No | N94: =IF(AND($K94="Yes",$L94="Yes",$M94="Yes"),"Yes","No")
A95: CARD-0095 | B95: Prophecy of Boulders | C95: COOR | D95: 0015 | E95: Cosmic Origins | F95: Monster | G95: Spellcaster / Effect | H95: Prophecy | I95: 2025-05-01 | J95: /assets/cards/PROPHECY-OF-BOULDERS.jpeg | K95: No | L95: No | M95: No | N95: =IF(AND($K95="Yes",$L95="Yes",$M95="Yes"),"Yes","No")
A96: CARD-0096 | B96: Prophecy of Storms | C96: COOR | D96: 0016 | E96: Cosmic Origins | F96: Monster | G96: Spellcaster / Effect | H96: Prophecy | I96: 2025-05-01 | J96: /assets/cards/PROPHECY-OF-STORMS.jpeg | K96: No | L96: No | M96: No | N96: =IF(AND($K96="Yes",$L96="Yes",$M96="Yes"),"Yes","No")
A97: CARD-0097 | B97: Prophecy of Rays | C97: COOR | D97: 0017 | E97: Cosmic Origins | F97: Monster | G97: Spellcaster / Effect | H97: Prophecy | I97: 2025-05-01 | J97: /assets/cards/PROPHECY-OF-RAYS.jpeg | K97: No | L97: No | M97: No | N97: =IF(AND($K97="Yes",$L97="Yes",$M97="Yes"),"Yes","No")
A98: CARD-0098 | B98: Prophecy of Shadows | C98: COOR | D98: 0018 | E98: Cosmic Origins | F98: Monster | G98: Spellcaster / Effect | H98: Prophecy | I98: 2025-05-01 | J98: /assets/cards/PROPHECY-OF-SHADOWS.jpeg | K98: No | L98: No | M98: No | N98: =IF(AND($K98="Yes",$L98="Yes",$M98="Yes"),"Yes","No")
A99: CARD-0099 | B99: Stellaer of the Swamp | C99: COOR | D99: 019 | E99: Cosmic Origins | F99: Monster | G99: Dragon / Xyz / Effect | H99: Stellaer | I99: 2025-05-01 | J99: /assets/cards/Stellaer-of-the-Swamp.png | K99: No | L99: No | M99: No | N99: =IF(AND($K99="Yes",$L99="Yes",$M99="Yes"),"Yes","No")
A100: CARD-0100 | B100: Sustained Succubus Saria | C100: COOR | D100: 0020 | E100: Cosmic Origins | F100: Monster | G100: Zombie / Fusion / Effect | H100: Stain | I100: 2025-05-01 | J100: /assets/cards/Sustained-Succubus-Saria.jpeg | K100: No | L100: No | M100: No | N100: =IF(AND($K100="Yes",$L100="Yes",$M100="Yes"),"Yes","No")
A101: CARD-0101 | B101: A Stainless Story | C101: COOR | D101: 0021 | E101: Cosmic Origins | F101: Spell | G101: Spell / Quick-Play | H101: Stain | I101: 2025-05-01 | J101: /assets/cards/A-Stainless-Story.jpeg | K101: No | L101: No | M101: No | N101: =IF(AND($K101="Yes",$L101="Yes",$M101="Yes"),"Yes","No")
A102: CARD-0102 | B102: Mylo, the Domesticated | C102: COOR | D102: 022 | E102: Cosmic Origins | F102: Monster | G102: Beast / Effect | H102: Domestica | I102: 2025-05-01 | J102: /assets/cards/Mylo-the-Domesticated.png | K102: No | L102: No | M102: No | N102: =IF(AND($K102="Yes",$L102="Yes",$M102="Yes"),"Yes","No")
A103: CARD-0103 | B103: Nuwa, the Domesticated | C103: COOR | D103: 023 | E103: Cosmic Origins | F103: Monster | G103: Beast / Effect | H103: Domestica | I103: 2025-05-01 | J103: /assets/cards/Nuwa-the-Domesticated.png | K103: No | L103: No | M103: No | N103: =IF(AND($K103="Yes",$L103="Yes",$M103="Yes"),"Yes","No")
A104: CARD-0104 | B104: Mylo in the Wild | C104: COOR | D104: 024 | E104: Cosmic Origins | F104: Monster | G104: Beast / Fusion / Effect | H104: Domestica | I104: 2025-05-01 | J104: /assets/cards/Mylo-in-the-Wild.png | K104: No | L104: No | M104: No | N104: =IF(AND($K104="Yes",$L104="Yes",$M104="Yes"),"Yes","No")
... A112: CARD-0112 | B112: TAKAMA NO HARA | C112: COOR | D112: 032 | E112: Cosmic Origins | F112: Spell | G112: Spell / Normal | H112: Spirit | I112: 2025-05-01 | J112: /assets/cards/TAKAMA-NO-HARA.jpg | K112: No | L112: No | M112: No | N112: =IF(AND($K112="Yes",$L112="Yes",$M112="Yes"),"Yes","No")
A113: CARD-0113 | B113: Rei-Tachi Ga Kita Hi | C113: COOR | D113: 0033 | E113: Cosmic Origins | F113: Spell | G113: Spell / Continuous | I113: 2025-05-01 | J113: /assets/cards/REI---TACHI-GA-KITA-HI.jpeg | K113: No | L113: No | M113: No | N113: =IF(AND($K113="Yes",$L113="Yes",$M113="Yes"),"Yes","No")
A114: CARD-0114 | B114: OTAKEMARU THE ACCUSER | C114: COOR | D114: 034 | E114: Cosmic Origins | F114: Monster | G114: Fiend / Effect / Synchro / Spirit | H114: Spirit | I114: 2025-05-01 | J114: /assets/cards/OTAKEMARU-THE-ACCUSER.jpg | K114: No | L114: No | M114: No | N114: =IF(AND($K114="Yes",$L114="Yes",$M114="Yes"),"Yes","No")
A115: CARD-0115 | B115: CHAMPION OF THE GRAND BLUE | C115: COOR | D115: 035 | E115: Cosmic Origins | F115: Monster | G115: Warrior / Effect | H115: Grand Blue | I115: 2025-05-01 | J115: /assets/cards/CHAMPION-OF-THE-GRAND-BLUE.jpg | K115: No | L115: No | M115: No | N115: =IF(AND($K115="Yes",$L115="Yes",$M115="Yes"),"Yes","No")
A116: CARD-0116 | B116: DIVING DAUGHTERS OF THE GRAND BLUE | C116: COOR | D116: 036 | E116: Cosmic Origins | F116: Monster | G116: Aqua / Effect | H116: Grand Blue | I116: 2025-05-01 | J116: /assets/cards/DIVING-DAUGHTERS-OF-THE-GRAND-BLUE.jpg | K116: No | L116: No | M116: No | N116: =IF(AND($K116="Yes",$L116="Yes",$M116="Yes"),"Yes","No")
A117: CARD-0117 | B117: SERENE MERMAID OF THE GRAND BLUE | C117: COOR | D117: 037 | E117: Cosmic Origins | F117: Monster | G117: Sea Serpent / Effect | H117: Grand Blue | I117: 2025-05-01 | J117: /assets/cards/SERENE-MERMAID-OF-THE-GRAND-BLUE.jpg | K117: No | L117: No | M117: No | N117: =IF(AND($K117="Yes",$L117="Yes",$M117="Yes"),"Yes","No")
A118: CARD-0118 | B118: JELLY LASS OF THE GRAND BLUE | C118: COOR | D118: 038 | E118: Cosmic Origins | F118: Monster | G118: Fish / Effect | H118: Grand Blue | I118: 2025-05-01 | J118: /assets/cards/JELLY-LASS-OF-THE-GRAND-BLUE.jpg | K118: No | L118: No | M118: No | N118: =IF(AND($K118="Yes",$L118="Yes",$M118="Yes"),"Yes","No")
A119: CARD-0119 | B119: JELLY MISS OF THE GRAND BLUE | C119: COOR | D119: 039 | E119: Cosmic Origins | F119: Monster | G119: Fish / Effect | H119: Grand Blue | I119: 2025-05-01 | J119: /assets/cards/JELLY-MISS-OF-THE-GRAND-BLUE.jpg | K119: No | L119: No | M119: No | N119: =IF(AND($K119="Yes",$L119="Yes",$M119="Yes"),"Yes","No")
A120: CARD-00120 | B120: BRILLIANCE OF THE GRAND BLUE | C120: COOR | D120: 040 | E120: Cosmic Origins | F120: Spell | G120: Spell / Quick-Play | H120: Grand Blue | I120: 2025-05-01 | J120: /assets/cards/BRILLIANCE-OF-THE-GRAND-BLUE.jpg | K120: No | L120: No | M120: No | N120: =IF(AND($K120="Yes",$L120="Yes",$M120="Yes"),"Yes","No")
A121: CARD-0121 | B121: CITY WITHIN THE GRAND BLUE | C121: COOR | D121: 041 | E121: Cosmic Origins | F121: Spell | G121: Spell / Field | H121: Grand Blue | I121: 2025-05-01 | J121: /assets/cards/CITY-WITHIN-THE-GRAND-BLUE.jpg | K121: No | L121: No | M121: No | N121: =IF(AND($K121="Yes",$L121="Yes",$M121="Yes"),"Yes","No")
A122: CARD-0122 | B122: GRAND BLUE PRINCESS | C122: COOR | D122: 042 | E122: Cosmic Origins | F122: Monster | G122: Aqua / Effect / Fusion | H122: Grand Blue | I122: 2025-05-01 | J122: /assets/cards/GRAND-BLUE-PRINCESS.jpg | K122: No | L122: No | M122: No | N122: =IF(AND($K122="Yes",$L122="Yes",$M122="Yes"),"Yes","No")
A123: CARD-0123 | B123: ORACLE OF THE GRAND BLUE | C123: COOR | D123: 043 | E123: Cosmic Origins | F123: Monster | G123: Aqua / Effect / Link | H123: Grand Blue | I123: 2025-05-01 | J123: /assets/cards/ORACLE-OF-THE-GRAND-BLUE.jpg | K123: No | L123: No | M123: No | N123: =IF(AND($K123="Yes",$L123="Yes",$M123="Yes"),"Yes","No")
A124: CARD-0124 | B124: GRAND BLUE MATRIARCH | C124: COOR | D124: 044 | E124: Cosmic Origins | F124: Monster | G124: Aqua / Effect / Synchro | H124: Grand Blue | I124: 2025-05-01 | J124: /assets/cards/GRAND-BLUE-MATRIARCH.jpg | K124: No | L124: No | M124: No | N124: =IF(AND($K124="Yes",$L124="Yes",$M124="Yes"),"Yes","No")
A125: CARD-0125 | B125: GRAND BLUE PRINCE | C125: COOR | D125: 045 | E125: Cosmic Origins | F125: Monster | G125: Aqua / Effect / Fusion | H125: Grand Blue | I125: 2025-05-01 | J125: /assets/cards/GRAND-BLUE-PRINCE.jpg | K125: No | L125: No | M125: No | N125: =IF(AND($K125="Yes",$L125="Yes",$M125="Yes"),"Yes","No")
... A141: CARD-0141 | B141: TO PROTO EISODOS | C141: COOR | D141: 061 | E141: Cosmic Origins | F141: Monster | G141: Galaxy / Effect / Link | H141: To Proto | I141: 2025-05-01 | J141: /assets/cards/TO-PROTO-EISODOS.jpg | K141: No | L141: No | M141: No | N141: =IF(AND($K141="Yes",$L141="Yes",$M141="Yes"),"Yes","No")
A142: CARD-0142 | B142: Polemistis gia Ataxia | C142: COOR | D142: 0062 | E142: Cosmic Origins | F142: Monster | G142: Celestial Warrior / Fusion / Effect | I142: 2025-05-01 | J142: /assets/cards/Polemistis-gia-Ataxia.jpeg | K142: No | L142: No | M142: No | N142: =IF(AND($K142="Yes",$L142="Yes",$M142="Yes"),"Yes","No")
A143: CARD-0143 | B143: Ektelestis gia Taxis | C143: COOR | D143: 0063 | E143: Cosmic Origins | F143: Monster | G143: Celestial Warrior / Fusion / Effect | I143: 2025-05-01 | J143: /assets/cards/Ektelestis-gia-Taxis.jpeg | K143: No | L143: No | M143: No | N143: =IF(AND($K143="Yes",$L143="Yes",$M143="Yes"),"Yes","No")
A144: CARD-0144 | B144: Stellaer of the Cold | C144: COOR | D144: 064 | E144: Cosmic Origins | F144: Monster | G144: Dragon / Effect | H144: Stellaer | I144: 2025-05-01 | J144: /assets/cards/Stellaer-of-the-Cold.png | K144: No | L144: No | M144: No | N144: =IF(AND($K144="Yes",$L144="Yes",$M144="Yes"),"Yes","No")
A145: CARD-0145 | B145: Stellaer of the Night | C145: COOR | D145: 0065 | E145: Cosmic Origins | F145: Monster | G145: Dragon / Effect | H145: Stellaer | I145: 2025-05-01 | J145: /assets/cards/Stellaer-of-the-Night.jpeg | K145: No | L145: No | M145: No | N145: =IF(AND($K145="Yes",$L145="Yes",$M145="Yes"),"Yes","No")
A146: CARD-0146 | B146: Stellaer of the Sea | C146: COOR | D146: 0066 | E146: Cosmic Origins | F146: Monster | G146: Dragon / Effect | H146: Stellaer | I146: 2025-05-01 | J146: /assets/cards/Stellaer-of-the-Sea.jpeg | K146: No | L146: No | M146: No | N146: =IF(AND($K146="Yes",$L146="Yes",$M146="Yes"),"Yes","No")
A147: CARD-0147 | B147: Stellaer of the Gems | C147: COOR | D147: 0067 | E147: Cosmic Origins | F147: Monster | G147: Dragon / Effect | H147: Stellaer | I147: 2025-05-01 | J147: /assets/cards/Stellaer-of-the-Gems.jpeg | K147: No | L147: No | M147: No | N147: =IF(AND($K147="Yes",$L147="Yes",$M147="Yes"),"Yes","No")
A148: CARD-0148 | B148: Stellaer of the Breeze | C148: COOR | D148: 068 | E148: Cosmic Origins | F148: Monster | G148: Dragon / Effect | H148: Stellaer | I148: 2025-05-01 | J148: /assets/cards/Stellaer-of-the-Breeze.jpeg | K148: No | L148: No | M148: No | N148: =IF(AND($K148="Yes",$L148="Yes",$M148="Yes"),"Yes","No")
A149: CARD-0149 | B149: Stellaer of the Volcanos | C149: COOR | D149: 069 | E149: Cosmic Origins | F149: Monster | G149: Dragon / Effect | H149: Stellaer | I149: 2025-05-01 | J149: /assets/cards/Stellaer-of-the-Volcanos.jpeg | K149: No | L149: No | M149: No | N149: =IF(AND($K149="Yes",$L149="Yes",$M149="Yes"),"Yes","No")
A150: CARD-0150 | B150: Pride of the Stellaers | C150: COOR | D150: 070 | E150: Cosmic Origins | F150: Spell | G150: Spell / Quick-Play | I150: 2025-05-01 | J150: /assets/cards/Pride-of-the-Stellaers.jpeg | K150: No | L150: No | M150: No | N150: =IF(AND($K150="Yes",$L150="Yes",$M150="Yes"),"Yes","No")
A151: CARD-0151 | B151: A Stellaer is Reborn | C151: COOR | D151: 071 | E151: Cosmic Origins | F151: Spell | G151: Spell / Normal | I151: 2025-05-01 | J151: /assets/cards/A-Stellaer-is-Reborn.jpeg | K151: No | L151: No | M151: No | N151: =IF(AND($K151="Yes",$L151="Yes",$M151="Yes"),"Yes","No")
A152: CARD-0152 | B152: Stellaer's Pain | C152: COOR | D152: 072 | E152: Cosmic Origins | F152: Trap | G152: Trap / Counter | I152: 2025-05-01 | J152: /assets/cards/Stellaers-Pain.jpeg | K152: No | L152: No | M152: No | N152: =IF(AND($K152="Yes",$L152="Yes",$M152="Yes"),"Yes","No")
A153: CARD-0153 | B153: Stellaer of Lighting | C153: COOR | D153: 073 | E153: Cosmic Origins | F153: Monster | G153: Dragon / Xyz / Effect | H153: Stellaer | I153: 2025-05-01 | J153: /assets/cards/Stellar-of-Lightining.png | K153: No | L153: No | M153: No | N153: =IF(AND($K153="Yes",$L153="Yes",$M153="Yes"),"Yes","No")
A154: CARD-0154 | B154: Stellaer of the Flames | C154: COOR | D154: 074 | E154: Cosmic Origins | F154: Monster | G154: Dragon / Xyz / Effect | H154: Stellaer | I154: 2025-05-01 | J154: /assets/cards/Stellaer-of-the-Flames.jpeg | K154: No | L154: No | M154: No | N154: =IF(AND($K154="Yes",$L154="Yes",$M154="Yes"),"Yes","No")
A155: CARD-0155 | B155: Stellaer of the Waters | C155: COOR | D155: 075 | E155: Cosmic Origins | F155: Monster | G155: Dragon / Xyz / Effect | H155: Stellaer | I155: 2025-05-01 | J155: /assets/cards/Stellaer-of-the-Waters.jpeg | K155: No | L155: No | M155: No | N155: =IF(AND($K155="Yes",$L155="Yes",$M155="Yes"),"Yes","No")
A156: CARD-0156 | B156: Stellaer of the Air | C156: COOR | D156: 076 | E156: Cosmic Origins | F156: Monster | G156: Dragon / Xyz / Effect | H156: Stellaer | I156: 2025-05-01 | J156: /assets/cards/Stellaer-of-the-Air.jpeg | K156: No | L156: No | M156: No | N156: =IF(AND($K156="Yes",$L156="Yes",$M156="Yes"),"Yes","No")
A157: CARD-0157 | B157: Stellaer of the Darkness | C157: COOR | D157: 077 | E157: Cosmic Origins | F157: Monster | G157: Dragon / Xyz / Effect | H157: Stellaer | I157: 2025-05-01 | J157: /assets/cards/Stellaer-of-the-Darkness.jpeg | K157: No | L157: No | M157: No | N157: =IF(AND($K157="Yes",$L157="Yes",$M157="Yes"),"Yes","No")
A158: CARD-0158 | B158: Stellaer of Purity | C158: COOR | D158: 078 | E158: Cosmic Origins | F158: Monster | G158: Dragon / Xyz / Effect | H158: Stellaer | I158: 2025-05-01 | J158: /assets/cards/Stellaer-of-Purity.jpeg | K158: No | L158: No | M158: No | N158: =IF(AND($K158="Yes",$L158="Yes",$M158="Yes"),"Yes","No")
A159: CARD-0159 | B159: Stellaer of the Ground | C159: COOR | D159: 079 | E159: Cosmic Origins | F159: Monster | G159: Dragon / Xyz / Effect | H159: Stellaer | I159: 2025-05-01 | J159: /assets/cards/Stellaer-of-the-Ground.jpeg | K159: No | L159: No | M159: No | N159: =IF(AND($K159="Yes",$L159="Yes",$M159="Yes"),"Yes","No")
A160: CARD-0160 | B160: Birth of Azrynior | C160: COOR | D160: 080 | E160: Cosmic Origins | F160: Spell | G160: Spell / Normal | I160: 2025-05-01 | J160: /assets/cards/Birth_of_Azrynior.jpeg | K160: No | L160: No | M160: No | N160: =IF(AND($K160="Yes",$L160="Yes",$M160="Yes"),"Yes","No")
A161: CARD-0161 | B161: Fall of Azrynior | C161: COOR | D161: 081 | E161: Cosmic Origins | F161: Spell | G161: Spell / Normal | I161: 2025-05-01 | J161: /assets/cards/Fall-of-Azrynior.jpeg | K161: No | L161: No | M161: No | N161: =IF(AND($K161="Yes",$L161="Yes",$M161="Yes"),"Yes","No")
A162: CARD-0162 | B162: Restoration of Azrynior | C162: COOR | D162: 082 | E162: Cosmic Origins | F162: Trap | G162: Trap / Continuous | I162: 2025-05-01 | J162: /assets/cards/Restoration_of_Azrynior.jpeg | K162: No | L162: No | M162: No | N162: =IF(AND($K162="Yes",$L162="Yes",$M162="Yes"),"Yes","No")
A163: CARD-0163 | B163: Azrynior, the Abundaence of Purity | C163: COOR | D163: 083 | E163: Cosmic Origins | F163: Monster | G163: Dragon / Fusion / Effect | H163: Stellaer | I163: 2025-05-01 | J163: /assets/cards/Azrynior_the_Abundaence_of_Purity.jpeg | K163: No | L163: No | M163: No | N163: =IF(AND($K163="Yes",$L163="Yes",$M163="Yes"),"Yes","No")
A164: CARD-0164 | B164: Dysmandr, the Depraevity of Worlds | C164: COOR | D164: 084 | E164: Cosmic Origins | F164: Monster | G164: Dragon / Fusion / Effect | H164: Dysmandr | I164: 2025-05-01 | J164: /assets/cards/Dysmandr_the_Depraevity_of_Worlds.jpeg | K164: No | L164: No | M164: No | N164: =IF(AND($K164="Yes",$L164="Yes",$M164="Yes"),"Yes","No")
A165: CARD-0165 | B165: Extinction of Dysmandr | C165: COOR | D165: 085 | E165: Cosmic Origins | F165: Trap | G165: Trap / Continuous | H165: Dysmandr | I165: 2025-05-01 | J165: /assets/cards/Extinction_of_Dysmandr.jpeg | K165: No | L165: No | M165: No | N165: =IF(AND($K165="Yes",$L165="Yes",$M165="Yes"),"Yes","No")
A166: CARD-0166 | B166: Eldora, the Intergalactic Empire | C166: COOR | D166: 086 | E166: Cosmic Origins | F166: Spell | G166: Spell / Field | H166: Eldora | I166: 2025-05-01 | J166: /assets/cards/Eldora-the-Intergalactic-Empire.jpeg | K166: No | L166: No | M166: No | N166: =IF(AND($K166="Yes",$L166="Yes",$M166="Yes"),"Yes","No")
A167: CARD-0167 | B167: Eldora in Depraevity | C167: COOR | D167: 087 | E167: Cosmic Origins | F167: Spell | G167: Spell / Quick-Play | H167: Eldora | I167: 2025-05-01 | J167: /assets/cards/Eldora_in_Depraevity.jpeg | K167: No | L167: No | M167: No | N167: =IF(AND($K167="Yes",$L167="Yes",$M167="Yes"),"Yes","No")
A168: CARD-0168 | B168: Frozen Girl & Blood Moon | C168: COOR | D168: 088 | E168: Cosmic Origins | F168: Monster | G168: Zombie / Tuner / Effect | I168: 2025-05-01 | J168: /assets/cards/Frozen-Girl-and-Blood-Moon.jpeg | K168: No | L168: No | M168: No | N168: =IF(AND($K168="Yes",$L168="Yes",$M168="Yes"),"Yes","No")
A169: CARD-0169 | B169: Ghost Doll & Midnight Manor | C169: COOR | D169: 089 | E169: Cosmic Origins | F169: Monster | G169: Zombie / Tuner / Effect | I169: 2025-05-01 | J169: /assets/cards/Ghost-Doll-and-Midnight-Manor.jpeg | K169: No | L169: No | M169: No | N169: =IF(AND($K169="Yes",$L169="Yes",$M169="Yes"),"Yes","No")
A170: CARD-0170 | B170: Dominus Sentinel | C170: COOR | D170: 090 | E170: Cosmic Origins | F170: Trap | G170: Trap / Normal | I170: 2025-05-01 | J170: /assets/cards/DOMINUS-SENTINEL.jpeg | K170: No | L170: No | M170: No | N170: =IF(AND($K170="Yes",$L170="Yes",$M170="Yes"),"Yes","No")
A171: CARD-0171 | B171: Clock of Aldrez | C171: DAEL | D171: 001 | E171: Dawn of the Elements | F171: Monster | G171: Spellcaster / Effect | H171: Aldrez | I171: 2025-07-22 | J171: /assets/cards/Clock_of_Aldrez.jpeg | K171: No | L171: No | M171: No | N171: =IF(AND($K171="Yes",$L171="Yes",$M171="Yes"),"Yes","No")
A172: CARD-0172 | B172: Aldrez Grandmaster | C172: DAEL | D172: 002 | E172: Dawn of the Elements | F172: Spell | G172: Spell / Field | H172: Aldrez | I172: 2025-07-22 | J172: /assets/cards/Aldrez_Grandmaster.jpeg | K172: No | L172: No | M172: No | N172: =IF(AND($K172="Yes",$L172="Yes",$M172="Yes"),"Yes","No")
A173: CARD-0173 | B173: Phantasm Spiral Resurgence | C173: DAEL | D173: 003 | E173: Dawn of the Elements | F173: Spell | G173: Spell / Equip | H173: Phantasm Spiral | I173: 2025-07-22 | J173: /assets/cards/Phantasm_Spiral_Resurgence.jpeg | K173: No | L173: No | M173: No | N173: =IF(AND($K173="Yes",$L173="Yes",$M173="Yes"),"Yes","No")
A174: CARD-0174 | B174: Phantasm Spiral Shrine | C174: DAEL | D174: 004 | E174: Dawn of the Elements | F174: Spell | G174: Spell / Normal | H174: Phantasm Spiral | I174: 2025-07-22 | J174: /assets/cards/Phantasm_Spiral_Shrine.jpeg | K174: No | L174: No | M174: No | N174: =IF(AND($K174="Yes",$L174="Yes",$M174="Yes"),"Yes","No")
A175: CARD-0175 | B175: Phantasm Spiral Ensnarement | C175: DAEL | D175: 005 | E175: Dawn of the Elements | F175: Trap | G175: Trap / Normal | H175: Phantasm Spiral | I175: 2025-07-22 | J175: /assets/cards/Phantasm_Spiral_Ensnarement.jpeg | K175: No | L175: No | M175: No | N175: =IF(AND($K175="Yes",$L175="Yes",$M175="Yes"),"Yes","No")
A176: CARD-0176 | B176: Grand Puppet of Wicked Puppeteer | C176: DAEL | D176: 006 | E176: Dawn of the Elements | F176: Monster | G176: Fiend / Effect | H176: Wicked Puppeteer | I176: 2025-07-22 | J176: /assets/cards/Grand_Puppet_of_Wicked_Puppeteer.jpeg | K176: No | L176: No | M176: No | N176: =IF(AND($K176="Yes",$L176="Yes",$M176="Yes"),"Yes","No")
A177: CARD-0177 | B177: Knight Puppet of Wicked Puppeteer | C177: DAEL | D177: 007 | E177: Dawn of the Elements | F177: Monster | G177: Fiend / Effect | H177: Wicked Puppeteer | I177: 2025-07-22 | J177: /assets/cards/Knight_Puppet_of_Wicked_Puppeteer.jpeg | K177: No | L177: No | M177: No | N177: =IF(AND($K177="Yes",$L177="Yes",$M177="Yes"),"Yes","No")
A178: CARD-0178 | B178: Minion Puppets of Wicked Puppeteer | C178: DAEL | D178: 008 | E178: Dawn of the Elements | F178: Monster | G178: Fiend / Effect | H178: Wicked Puppeteer | I178: 2025-07-22 | J178: /assets/cards/Minion_Puppets_of_Wicked_Puppeteer.jpeg | K178: No | L178: No | M178: No | N178: =IF(AND($K178="Yes",$L178="Yes",$M178="Yes"),"Yes","No")
A179: CARD-00179 | B179: Guardian of Wicked Puppeteer | C179: DAEL | D179: 009 | E179: Dawn of the Elements | F179: Monster | G179: Warrior / Effect | H179: Wicked Puppeteer | I179: 2025-07-22 | J179: /assets/cards/Guardian_of_Wicked_Puppeteer.jpeg | K179: No | L179: No | M179: No | N179: =IF(AND($K179="Yes",$L179="Yes",$M179="Yes"),"Yes","No")
A180: CARD-00180 | B180: The True Wicked Puppeteer, Orchis | C180: DAEL | D180: 010 | E180: Dawn of the Elements | F180: Monster | G180: Warrior / Effect | H180: Wicked Puppeteer | I180: 2025-07-22 | J180: /assets/cards/The_True_Wicked_Puppeteer,_Orchis.jpeg | K180: No | L180: No | M180: No | N180: =IF(AND($K180="Yes",$L180="Yes",$M180="Yes"),"Yes","No")
A181: CARD-00181 | B181: Wicked Puppeteer, Orchis | C181: DAEL | D181: 011 | E181: Dawn of the Elements | F181: Monster | G181: Warrior / Ritual / Effect | H181: Wicked Puppeteer | I181: 2025-07-22 | J181: /assets/cards/Wicked_Puppeteer,_Orchis.jpeg | K181: No | L181: No | M181: No | N181: =IF(AND($K181="Yes",$L181="Yes",$M181="Yes"),"Yes","No")
A182: CARD-00182 | B182: Wicked Puppeteer Tragedy | C182: DAEL | D182: 012 | E182: Dawn of the Elements | F182: Spell | G182: Spell / Ritual | H182: Wicked Puppeteer | I182: 2025-07-22 | J182: /assets/cards/Wicked_Puppeteer_Tragedy.jpeg | K182: No | L182: No | M182: No | N182: =IF(AND($K182="Yes",$L182="Yes",$M182="Yes"),"Yes","No")
... A184: CARD-0184 | B184: Divine Phoenix of Nephthys | C184: DAEL | D184: 014 | E184: Dawn of the Elements | F184: Monster | G184: Winged Beast / Effect | H184: Nephthys | I184: 2025-07-22 | J184: /assets/cards/Divine_Phoenix_of_Nephthys.jpeg | K184: No | L184: No | M184: No | N184: =IF(AND($K184="Yes",$L184="Yes",$M184="Yes"),"Yes","No")
A185: CARD-0185 | B185: Primite Dragon Citrine | C185: DAEL | D185: 015 | E185: Dawn of the Elements | F185: Monster | G185: Dragon / Normal | I185: 2025-07-22 | J185: /assets/cards/Primite_Dragon_Citrine.jpeg | K185: No | L185: No | M185: No | N185: =IF(AND($K185="Yes",$L185="Yes",$M185="Yes"),"Yes","No")
A186: CARD-00186 | B186: Pedicaes Papa | C186: DAEL | D186: 016 | E186: Dawn of the Elements | F186: Monster | G186: Fiend / Effect | H186: Vir Pedicae Mortis | I186: 2025-07-22 | J186: /assets/cards/Pedicaes_Papa.jpeg | K186: No | L186: No | M186: No | N186: =IF(AND($K186="Yes",$L186="Yes",$M186="Yes"),"Yes","No")
A187: CARD-00187 | B187: Vir Pedicae Mortis - Entity's Happy Servant | C187: DAEL | D187: 017 | E187: Dawn of the Elements | F187: Monster | G187: Fiend / Effect | H187: Vir Pedicae Mortis | I187: 2025-07-22 | J187: /assets/cards/Vir_Pedicae_Mortis_-_Entitys_Happy_Servant_.jpeg | K187: No | L187: No | M187: No | N187: =IF(AND($K187="Yes",$L187="Yes",$M187="Yes"),"Yes","No")
A188: CARD-00188 | B188: Vir Pedicae Mortis - Fearless Hunter | C188: DAEL | D188: 018 | E188: Dawn of the Elements | F188: Monster | G188: Fiend / Effect | H188: Vir Pedicae Mortis | I188: 2025-07-22 | J188: /assets/cards/Vir_Pedicae_Mortis_-_Fearless_Hunter.jpeg | K188: No | L188: No | M188: No | N188: =IF(AND($K188="Yes",$L188="Yes",$M188="Yes"),"Yes","No")
A189: CARD-00189 | B189: Vir Pedicae Mortis - The Unhallowed Warden | C189: DAEL | D189: 019 | E189: Dawn of the Elements | F189: Monster | G189: Fiend / Effect | H189: Vir Pedicae Mortis | I189: 2025-07-22 | J189: /assets/cards/Vir_Pedicae_Mortis_-_The_Unhallowed_Warden.jpeg | K189: No | L189: No | M189: No | N189: =IF(AND($K189="Yes",$L189="Yes",$M189="Yes"),"Yes","No")
A190: CARD-00190 | B190: Vir Pedicae Mortis - True Nightmare | C190: DAEL | D190: 020 | E190: Dawn of the Elements | F190: Monster | G190: Fiend / Link / Effect | H190: Vir Pedicae Mortis | I190: 2025-07-22 | J190: /assets/cards/Vir_Pedicae_Mortis_-_True_Nightmare.jpeg | K190: No | L190: No | M190: No | N190: =IF(AND($K190="Yes",$L190="Yes",$M190="Yes"),"Yes","No")
...

Sheet Summary
A1: YGO Omega Card Checklist
A2: Generated from src/data/cards.json on 2026-04-26 02:38
A4: Total Cards | B4: =COUNTA(Cards!$A:$A)-1 | C4: =IF($B$4=0,0,B4/$B$4)
A5: Coded | B5: =COUNTIF(Cards!$K:$K,"Yes") | C5: =IF($B$4=0,0,B5/$B$4)
A6: Tested | B6: =COUNTIF(Cards!$L:$L,"Yes") | C6: =IF($B$4=0,0,B6/$B$4)
A7: Confirmed | B7: =COUNTIF(Cards!$M:$M,"Yes") | C7: =IF($B$4=0,0,B7/$B$4)
A8: Ready For Omega | B8: =COUNTIF(Cards!$N:$N,"Yes") | C8: =IF($B$4=0,0,B8/$B$4)
A11: Set Code | B11: Set Name | C11: Total | D11: Coded | E11: Tested | F11: Confirmed | G11: Ready
A12: TATA | B12: Tainted Tails | C12: =COUNTIF(Cards!$C:$C,A12) | D12: =COUNTIFS(Cards!$C:$C,A12,Cards!$K:$K,"Yes") | E12: =COUNTIFS(Cards!$C:$C,A12,Cards!$L:$L,"Yes") | F12: =COUNTIFS(Cards!$C:$C,A12,Cards!$M:$M,"Yes") | G12: =COUNTIFS(Cards!$C:$C,A12,Cards!$N:$N,"Yes")
A13: COOR | B13: Cosmic Origins | C13: =COUNTIF(Cards!$C:$C,A13) | D13: =COUNTIFS(Cards!$C:$C,A13,Cards!$K:$K,"Yes") | E13: =COUNTIFS(Cards!$C:$C,A13,Cards!$L:$L,"Yes") | F13: =COUNTIFS(Cards!$C:$C,A13,Cards!$M:$M,"Yes") | G13: =COUNTIFS(Cards!$C:$C,A13,Cards!$N:$N,"Yes")
A14: DAEL | B14: Dawn of the Elements | C14: =COUNTIF(Cards!$C:$C,A14) | D14: =COUNTIFS(Cards!$C:$C,A14,Cards!$K:$K,"Yes") | E14: =COUNTIFS(Cards!$C:$C,A14,Cards!$L:$L,"Yes") | F14: =COUNTIFS(Cards!$C:$C,A14,Cards!$M:$M,"Yes") | G14: =COUNTIFS(Cards!$C:$C,A14,Cards!$N:$N,"Yes")
B15: DAEL-0XX Dawn of the Elements | C15: =COUNTIF(Cards!$C:$C,A15) | D15: =COUNTIFS(Cards!$C:$C,A15,Cards!$K:$K,"Yes") | E15: =COUNTIFS(Cards!$C:$C,A15,Cards!$L:$L,"Yes") | F15: =COUNTIFS(Cards!$C:$C,A15,Cards!$M:$M,"Yes") | G15: =COUNTIFS(Cards!$C:$C,A15,Cards!$N:$N,"Yes")
B16: DAEL-XXX Dawn of the Elements | C16: =COUNTIF(Cards!$C:$C,A16) | D16: =COUNTIFS(Cards!$C:$C,A16,Cards!$K:$K,"Yes") | E16: =COUNTIFS(Cards!$C:$C,A16,Cards!$L:$L,"Yes") | F16: =COUNTIFS(Cards!$C:$C,A16,Cards!$M:$M,"Yes") | G16: =COUNTIFS(Cards!$C:$C,A16,Cards!$N:$N,"Yes")
A17: CHST | B17: Chronicles of the Starborn | C17: =COUNTIF(Cards!$C:$C,A17) | D17: =COUNTIFS(Cards!$C:$C,A17,Cards!$K:$K,"Yes") | E17: =COUNTIFS(Cards!$C:$C,A17,Cards!$L:$L,"Yes") | F17: =COUNTIFS(Cards!$C:$C,A17,Cards!$M:$M,"Yes") | G17: =COUNTIFS(Cards!$C:$C,A17,Cards!$N:$N,"Yes")
A18: PHPA | B18: Phantom Parade | C18: =COUNTIF(Cards!$C:$C,A18) | D18: =COUNTIFS(Cards!$C:$C,A18,Cards!$K:$K,"Yes") | E18: =COUNTIFS(Cards!$C:$C,A18,Cards!$L:$L,"Yes") | F18: =COUNTIFS(Cards!$C:$C,A18,Cards!$M:$M,"Yes") | G18: =COUNTIFS(Cards!$C:$C,A18,Cards!$N:$N,"Yes")
A19: UPST | B19: Upcoming Set | C19: =COUNTIF(Cards!$C:$C,A19) | D19: =COUNTIFS(Cards!$C:$C,A19,Cards!$K:$K,"Yes") | E19: =COUNTIFS(Cards!$C:$C,A19,Cards!$L:$L,"Yes") | F19: =COUNTIFS(Cards!$C:$C,A19,Cards!$M:$M,"Yes") | G19: =COUNTIFS(Cards!$C:$C,A19,Cards!$N:$N,"Yes")
